{
  "accept": false,
  "median_dr": NaN,
  "stable": true,
  "grid": {
    "c5_s05": {
      "snis": 0.14995521457382704,
      "dr": NaN,
      "ess": 1407.6177246128345
    },
    "c5_s08": {
      "snis": 0.149465729753979,
      "dr": NaN,
      "ess": 1407.735589475445
    },
    "c5_s10": {
      "snis": 0.14922222498704646,
      "dr": NaN,
      "ess": 1407.7862518509837
    },
    "c10_s05": {
      "snis": 0.14995521457382704,
      "dr": NaN,
      "ess": 1407.6177246128345
    },
    "c10_s08": {
      "snis": 0.149465729753979,
      "dr": NaN,
      "ess": 1407.735589475445
    },
    "c10_s10": {
      "snis": 0.14922222498704646,
      "dr": NaN,
      "ess": 1407.7862518509837
    },
    "c20_s05": {
      "snis": 0.14995521457382704,
      "dr": NaN,
      "ess": 1407.6177246128345
    },
    "c20_s08": {
      "snis": 0.149465729753979,
      "dr": NaN,
      "ess": 1407.735589475445
    },
    "c20_s10": {
      "snis": 0.14922222498704646,
      "dr": NaN,
      "ess": 1407.7862518509837
    }
  },
  "note": "SNIS/DR grid with clipping/shrinkage; accept requires stability and positive median DR"
}