{
  "accept": true,
  "median_dr": 0.022618879608002213,
  "stable": true,
  "grid": {
    "c5_s00": {
      "snis": 0.15144391036777097,
      "dr": 0.02261876524757759,
      "ess": 1407.1293092295493
    },
    "c5_s01": {
      "snis": 0.15103484427822378,
      "dr": 0.022618879608002213,
      "ess": 1407.2828388473538
    },
    "c5_s02": {
      "snis": 0.1506957207973552,
      "dr": 0.022619036337217516,
      "ess": 1407.3990614420036
    },
    "c10_s00": {
      "snis": 0.15144391036777097,
      "dr": 0.02261876524757759,
      "ess": 1407.1293092295493
    },
    "c10_s01": {
      "snis": 0.15103484427822378,
      "dr": 0.022618879608002213,
      "ess": 1407.2828388473538
    },
    "c10_s02": {
      "snis": 0.1506957207973552,
      "dr": 0.022619036337217516,
      "ess": 1407.3990614420036
    },
    "c20_s00": {
      "snis": 0.15144391036777097,
      "dr": 0.02261876524757759,
      "ess": 1407.1293092295493
    },
    "c20_s01": {
      "snis": 0.15103484427822378,
      "dr": 0.022618879608002213,
      "ess": 1407.2828388473538
    },
    "c20_s02": {
      "snis": 0.1506957207973552,
      "dr": 0.022619036337217516,
      "ess": 1407.3990614420036
    }
  },
  "note": "SNIS/DR grid with clipping/shrinkage; accept requires stability and positive median DR"
}