{
  "pass": false,
  "checks": {
    "emd_margin": {
      "value": 0.3755319148936212,
      "tau": 0.05,
      "ok": false
    },
    "key_mass_max_delta": {
      "value": 0.044680851063829796,
      "tau": 0.01,
      "ok": false
    },
    "kendall_tau_delta": {
      "value": 0.0,
      "tau": 0.01,
      "ok": true
    },
    "slippage_rmse": {
      "value": 0.03521363372331802,
      "tau": 0.5,
      "ok": true
    },
    "fill_shortfall": {
      "value": 0.030000000000000027,
      "tau": 0.1,
      "ok": true
    }
  }
}