{
  "prop_type": "passing_yards",
  "feature_cols": [
    "passing_yards_last3",
    "passing_yards_last5",
    "passing_yards_season",
    "pass_attempts_last3",
    "pass_attempts_last5",
    "completions_last3",
    "completions_last5",
    "passing_tds_last3",
    "interceptions_last3",
    "sacks_last3",
    "opponent_pass_yards_allowed_avg",
    "implied_team_total",
    "spread",
    "is_home",
    "weather_wind_mph",
    "weather_temp",
    "days_rest",
    "is_dome",
    "is_outdoors"
  ],
  "scaler_mean": [
    195.82021055753265,
    196.00334371293005,
    1401.2891459074733,
    31.268312574139973,
    31.24563315539739,
    19.00326215895611,
    18.99747924080664,
    1.3169483985765125,
    0.6431642941874258,
    1.9466192170818506,
    242.63334074733095,
    23.093527580071175,
    -0.04403914590747331,
    0.505338078291815,
    4.750889679715303,
    62.09741992882562,
    7.432829181494662,
    0.18772241992882563,
    0.6570284697508897
  ],
  "scaler_std": [
    79.5629801094125,
    76.0035214256644,
    1113.292667180175,
    11.28808085588216,
    10.8377643103016,
    7.334377707672135,
    7.041103192574141,
    0.8157943269743102,
    0.49439697088948725,
    1.1118492401563365,
    39.70695547865272,
    4.00289995602378,
    6.697452518557706,
    0.5000827548491059,
    5.951910027211076,
    14.943085403717339,
    2.011300661301758,
    0.3905772412364335,
    0.474807703101684
  ],
  "xgb_params": {
    "objective": "reg:squarederror",
    "max_depth": 6,
    "learning_rate": 0.05,
    "n_estimators": 500,
    "subsample": 0.8,
    "colsample_bytree": 0.8,
    "min_child_weight": 3,
    "gamma": 0.1,
    "reg_alpha": 0.1,
    "reg_lambda": 1.0,
    "tree_method": "auto",
    "device": "cpu",
    "random_state": 42
  },
  "min_edge": 0.03,
  "kelly_fraction": 0.25
}