{
  "prop_type": "receiving_yards",
  "feature_cols": [
    "receiving_yards_last3",
    "receiving_yards_last5",
    "receiving_yards_season",
    "targets_last3",
    "targets_last5",
    "receptions_last3",
    "receptions_last5",
    "receiving_tds_last3",
    "red_zone_targets_last3",
    "opponent_pass_yards_allowed_avg",
    "implied_team_total",
    "spread",
    "is_home",
    "weather_wind_mph",
    "weather_temp",
    "is_dome"
  ],
  "scaler_mean": [
    30.70831043956044,
    30.851054258241756,
    210.1346153846154,
    4.168429487179488,
    4.168513049450549,
    2.7941849816849813,
    2.804028159340659,
    0.18497023809523808,
    0.20707417582417584,
    242.98922733516483,
    23.114217032967034,
    -0.0057348901098901095,
    0.49862637362637363,
    4.780494505494506,
    62.26531593406593,
    0.18228021978021977
  ],
  "scaler_std": [
    24.391928338132526,
    22.897449763504603,
    236.81943844385722,
    2.5307810808048083,
    2.4122670855190234,
    1.7830206665520352,
    1.6773734772793998,
    0.29362552080535476,
    0.3256675819438215,
    40.01202896589209,
    3.9757600573188325,
    6.569649314468215,
    0.5000067085005835,
    5.994448146207189,
    15.053086889630404,
    0.38608194437451265
  ],
  "xgb_params": {
    "objective": "reg:squarederror",
    "max_depth": 6,
    "learning_rate": 0.05,
    "n_estimators": 500,
    "subsample": 0.8,
    "colsample_bytree": 0.8,
    "min_child_weight": 3,
    "gamma": 0.1,
    "reg_alpha": 0.1,
    "reg_lambda": 1.0,
    "tree_method": "auto",
    "device": "cpu",
    "random_state": 42
  },
  "min_edge": 0.03,
  "kelly_fraction": 0.25
}