{
  "2024": {
    "v1.0": {
      "n": 46,
      "mae": 188.3379564371776,
      "rmse": 200.84018554834265,
      "correlation": 0.5436063554455571,
      "bias": -183.36959198632547,
      "ci_coverage": 0.021739130434782608,
      "skill_score": -1.807890821650745
    },
    "v2.5": {
      "n": 46,
      "mae": 25.62854083719626,
      "rmse": 33.120234309077,
      "correlation": 0.9376395200840927,
      "bias": -0.8260035951734268,
      "ci_coverage": 1.0,
      "skill_score": 0.6179094965752773
    }
  },
  "2025": {
    "v1.0": {
      "n": 34,
      "mae": 148.222948712879,
      "rmse": 157.21179090060573,
      "correlation": 0.5661106561200273,
      "bias": -148.10157446215445,
      "ci_coverage": 0.029411764705882353,
      "skill_score": -2.182454766025879
    },
    "v2.5": {
      "n": 34,
      "mae": 140.3628262900197,
      "rmse": 149.04404290810874,
      "correlation": 0.6116321592607743,
      "bias": -140.3628262900197,
      "ci_coverage": 0.23529411764705882,
      "skill_score": -2.0136922074383374
    }
  }
}