{
  "v1.0": {
    "model": "v1.0 Baseline",
    "n_predictions": 557,
    "mae": 249.8391504617898,
    "rmse": 781.6893638507856,
    "mape": 34.15986951815702,
    "correlation": 0.05084677263836821,
    "mean_residual": -201.0513348868104,
    "std_residual": 755.3917012369658,
    "skill_score": 31.259122708125332,
    "ci_90_coverage": 0.19389587073608616
  }
}