{
  "v1.0": {
    "n": 46,
    "mae": 188.3379564371776,
    "rmse": 200.84018554834265,
    "correlation": 0.5436063554455571,
    "bias": -183.36959198632547,
    "ci_coverage": 0.021739130434782608,
    "skill_score": -1.807890821650745
  },
  "v2.5": {
    "n": 46,
    "mae": 25.62854083719626,
    "rmse": 33.120234309077,
    "correlation": 0.9376395200840927,
    "bias": -0.8260035951734268,
    "ci_coverage": 1.0,
    "skill_score": 0.6179094965752773
  },
  "improvements": {
    "mae_reduction_pct": 86.39225925457838,
    "correlation_gain_pct": 72.48501800821909,
    "ci_coverage_improvement": 0.9782608695652174
  }
}