{
  "mae": 18.473077538901162,
  "rmse": 24.784983871529313,
  "coverage_90": 92.24598930481284,
  "coverage_68": 78.34224598930481,
  "target_90": 90.0,
  "target_68": 68.0
}