{
  "experiment": "phase2_prior_sensitivity",
  "noise_sigma": 1.0,
  "prior_std": 0.5,
  "hidden_dim": 16,
  "features": "baseline_4",
  "calibration": {
    "90%_coverage": 0.25668449197860965,
    "68%_coverage": 0.19518716577540107
  },
  "accuracy": {
    "mae": 18.69409845715685,
    "rmse": 26.01367447685791
  },
  "timestamp": "2025-10-16T15:45:55.476560"
}