{
  "experiment": "phase2_prior_sensitivity",
  "noise_sigma": 0.7,
  "prior_std": 0.5,
  "hidden_dim": 16,
  "features": "baseline_4",
  "calibration": {
    "90%_coverage": 0.25668449197860965,
    "68%_coverage": 0.1925133689839572
  },
  "accuracy": {
    "mae": 18.69571036430011,
    "rmse": 26.01916361684182
  },
  "timestamp": "2025-10-16T15:45:25.798119"
}