{
  "mae": 383.7093574078047,
  "rmse": 5118.36661260647,
  "coverage_90": 91.97860962566845,
  "coverage_68": 93.85026737967914,
  "target_90": 90.0,
  "target_68": 68.0
}