{
  "accuracy": 0.6565774155995343,
  "brier": 0.21085170274741322,
  "logloss": 0.6070151971993023,
  "auc": 0.7214866498187013,
  "best_iteration": 95,
  "num_features": 11,
  "train_samples": 3433,
  "val_samples": 859,
  "mean_test_accuracy": 0.6663071047544296,
  "mean_test_brier": 0.21017933216102636,
  "mean_test_logloss": 0.6076895732118086,
  "mean_test_auc": 0.7606122769908752,
  "std_test_brier": 0.0339288240905922,
  "min_test_brier": 0.17571652217572747,
  "max_test_brier": 0.2665150680490023,
  "params": {
    "max_depth": 4,
    "learning_rate": 0.07,
    "num_boost_round": 200,
    "subsample": 0.6,
    "colsample_bytree": 0.8,
    "objective": "binary:logistic",
    "eval_metric": "logloss",
    "early_stopping_rounds": 50
  },
  "config_id": 272,
  "brier_2022": 0.1978202725017627,
  "accuracy_2022": 0.7077464788732394,
  "auc_2022": 0.7629536290322579,
  "brier_2023": 0.200665465917613,
  "accuracy_2023": 0.6982456140350877,
  "auc_2023": 0.7503506311360448,
  "brier_2024": 0.17571652217572747,
  "accuracy_2024": 0.7298245614035088,
  "auc_2024": 0.8140031802822502,
  "brier_2025": 0.2665150680490023,
  "accuracy_2025": 0.5294117647058824,
  "auc_2025": 0.7151416675129482
}