{
  "feature_cols": [
    "total_line",
    "total_line_squared",
    "spread_close",
    "wind_numeric",
    "temp_numeric",
    "wind_high",
    "wind_moderate",
    "temp_freezing",
    "temp_cold",
    "is_dome",
    "is_outdoors",
    "is_turf",
    "rest_advantage"
  ],
  "scaler_mean": [
    45.25051652892562,
    2066.7084194214876,
    2.1134641873278235,
    6.041666666666667,
    62.35537190082645,
    0.08918732782369146,
    0.16391184573002754,
    0.03994490358126722,
    0.12017906336088155,
    0.1353305785123967,
    0.7269283746556474,
    0.25826446280991733,
    -0.16666666666666666
  ],
  "scaler_std": [
    4.371012753376305,
    401.8747380648876,
    5.900231605443897,
    5.81106712164153,
    14.906890456228846,
    0.28506303951022244,
    0.3702593252572855,
    0.19586353006637489,
    0.32522682181074686,
    0.3421352489794248,
    0.4456140711859907,
    0.43775555630787677,
    2.4963861912652647
  ],
  "xgb_params": {
    "objective": "reg:squarederror",
    "max_depth": 5,
    "learning_rate": 0.05,
    "n_estimators": 300,
    "subsample": 0.8,
    "colsample_bytree": 0.8,
    "min_child_weight": 5,
    "gamma": 0.2,
    "reg_alpha": 0.1,
    "reg_lambda": 1.5,
    "tree_method": "auto",
    "device": "cpu",
    "random_state": 42
  },
  "min_edge": 0.03,
  "kelly_fraction": 0.25
}