{
  "glm": {
    "logloss": [
      0.6990397949976813,
      0.7111842445289333
    ],
    "roi": [
      -0.10545439393939397,
      -0.022188556067588364
    ],
    "accuracy": [
      0.5036514350203701,
      0.5160884249433351
    ],
    "brier": [
      0.25272895349371644,
      0.25741967095578644
    ]
  },
  "xgb": {
    "logloss": [
      0.7154896934920183,
      0.7354423699627903
    ],
    "roi": [
      -0.07684158031088086,
      -0.007887528557202261
    ],
    "accuracy": [
      0.5059453277530843,
      0.5208768598023613
    ],
    "brier": [
      0.26024513368690233,
      0.2681782840476385
    ]
  },
  "state": {
    "logloss": [
      0.8913927133359826,
      0.9316377732974577
    ],
    "roi": [
      -0.08886220220580514,
      -0.04550653279492373
    ],
    "accuracy": [
      0.4914644797354206,
      0.50966964535959
    ],
    "brier": [
      0.31398552287358017,
      0.3272099526692695
    ]
  },
  "ens_mean_glm_xgb": {
    "logloss": [
      0.7019058214898151,
      0.7125391868106438
    ],
    "roi": [
      -0.08545596422146037,
      -0.008815043949952533
    ],
    "accuracy": [
      0.5056850285923588,
      0.5199620239256454
    ],
    "brier": [
      0.25421715258009586,
      0.2587454987631311
    ]
  },
  "ens_mean_glm_state": {
    "logloss": [
      0.7278952284560863,
      0.7422126876334448
    ],
    "roi": [
      -0.08237680738119316,
      -0.03718662006047161
    ],
    "accuracy": [
      0.4970289335081145,
      0.5133191043301288
    ],
    "brier": [
      0.2661332345479894,
      0.2724431521481092
    ]
  },
  "ens_mean_xgb_state": {
    "logloss": [
      0.736841572268449,
      0.751307114432604
    ],
    "roi": [
      -0.10278070469798657,
      -0.05136666666666671
    ],
    "accuracy": [
      0.4880236510634038,
      0.5051250538318435
    ],
    "brier": [
      0.26950974810574224,
      0.27597247664296765
    ]
  },
  "ens_mean_glm_xgb_state": {
    "logloss": [
      0.7125662918453409,
      0.7230603843059353
    ],
    "roi": [
      -0.11137047542774592,
      -0.056972593690430375
    ],
    "accuracy": [
      0.488578705818315,
      0.5047512498961305
    ],
    "brier": [
      0.2592806956555625,
      0.26402695911029617
    ]
  },
  "ens_stack_glm_xgb": {
    "logloss": [
      0.6927426642500532,
      0.701171435929226
    ],
    "roi": [
      -0.11536842105263159,
      0.0
    ],
    "accuracy": [
      0.5048752965438109,
      0.5188776653055797
    ],
    "brier": [
      0.24979793309118992,
      0.2532309121422359
    ]
  },
  "ens_stack_glm_state": {
    "logloss": [
      0.6929430955376407,
      0.7005643640292717
    ],
    "roi": [
      -0.07886524822695039,
      0.0
    ],
    "accuracy": [
      0.5054187916326416,
      0.5194949562505468
    ],
    "brier": [
      0.24989688787047984,
      0.25321477044584023
    ]
  },
  "ens_stack_xgb_state": {
    "logloss": [
      0.6930049351228057,
      0.7013568688350426
    ],
    "roi": [
      -0.1723333333333334,
      0.0
    ],
    "accuracy": [
      0.5025122641075562,
      0.5166412988330797
    ],
    "brier": [
      0.24992765811676715,
      0.25347392353737086
    ]
  },
  "ens_stack_glm_xgb_state": {
    "logloss": [
      0.6929851571340031,
      0.6995261477961674
    ],
    "roi": [
      -0.13478632478632482,
      0.0
    ],
    "accuracy": [
      0.5040781947574346,
      0.5182025531951024
    ],
    "brier": [
      0.24991903642351396,
      0.2528360582569339
    ]
  }
}