{
  "accuracy": 0.660069848661234,
  "brier": 0.20903353206464642,
  "logloss": 0.6027807080224735,
  "auc": 0.7260713108449621,
  "best_iteration": 78,
  "num_features": 63,
  "train_samples": 3433,
  "val_samples": 859,
  "mean_test_accuracy": 0.6860917868886734,
  "mean_test_brier": 0.20568333483700507,
  "mean_test_logloss": 0.5974693304089693,
  "mean_test_auc": 0.7348066774212416,
  "std_test_brier": 0.005471909860805679,
  "min_test_brier": 0.20000633209608504,
  "max_test_brier": 0.21422693030181467,
  "params": {
    "max_depth": 2,
    "learning_rate": 0.07,
    "num_boost_round": 200,
    "subsample": 0.8,
    "colsample_bytree": 0.9,
    "objective": "binary:logistic",
    "eval_metric": "logloss",
    "early_stopping_rounds": 50
  },
  "config_id": 63,
  "brier_2022": 0.2019656206509667,
  "accuracy_2022": 0.6830985915492958,
  "auc_2022": 0.7468245967741937,
  "brier_2023": 0.21422693030181467,
  "accuracy_2023": 0.6350877192982456,
  "auc_2023": 0.7087507513524344,
  "brier_2024": 0.2065344562991538,
  "accuracy_2024": 0.6877192982456141,
  "auc_2024": 0.7400616179685947,
  "brier_2025": 0.20000633209608504,
  "accuracy_2025": 0.7384615384615385,
  "auc_2025": 0.7435897435897436
}