{
  "baseline": {
    "logloss": 0.6285734029633275,
    "auc": 0.7051778970383622,
    "accuracy": 0.6456140350877193
  },
  "baseline_plus_gnn": {
    "logloss": 0.7687923686411405,
    "auc": 0.5729974160206718,
    "accuracy": 0.5614035087719298
  },
  "gnn_only": {
    "logloss": 0.8251184826401659,
    "auc": 0.5018137547207315,
    "accuracy": 0.48771929824561405
  },
  "improvement": {
    "logloss_delta": -0.140218965677813,
    "logloss_pct": -22.307492651895373,
    "auc_delta": -0.13218048101769042,
    "accuracy_delta": -0.08421052631578951
  }
}