{
  "metadata": {
    "n_games": 1408,
    "seasons": "2020-2025",
    "start_season": 2020,
    "end_season": 2025,
    "n_seasons": 6,
    "description": "Historical NFL game outcomes (regular season only)"
  },
  "margin_distribution": {
    "pmf": {
      "-45": 0.0007102272727272727,
      "-40": 0.0014204545454545455,
      "-38": 0.0014204545454545455,
      "-37": 0.0007102272727272727,
      "-35": 0.002130681818181818,
      "-34": 0.0014204545454545455,
      "-33": 0.0007102272727272727,
      "-31": 0.0014204545454545455,
      "-30": 0.0007102272727272727,
      "-29": 0.002130681818181818,
      "-28": 0.006392045454545455,
      "-27": 0.0035511363636363635,
      "-26": 0.004261363636363636,
      "-25": 0.007102272727272727,
      "-24": 0.004261363636363636,
      "-23": 0.01065340909090909,
      "-22": 0.002130681818181818,
      "-21": 0.0078125,
      "-20": 0.0078125,
      "-19": 0.0078125,
      "-18": 0.009943181818181818,
      "-17": 0.015625,
      "-16": 0.009943181818181818,
      "-15": 0.006392045454545455,
      "-14": 0.024147727272727272,
      "-13": 0.004261363636363636,
      "-12": 0.0078125,
      "-11": 0.0078125,
      "-10": 0.024857954545454544,
      "-9": 0.008522727272727272,
      "-8": 0.01775568181818182,
      "-7": 0.03551136363636364,
      "-6": 0.03551136363636364,
      "-5": 0.027698863636363636,
      "-4": 0.026988636363636364,
      "-3": 0.07670454545454546,
      "-2": 0.022017045454545456,
      "-1": 0.02556818181818182,
      "0": 0.0035511363636363635,
      "1": 0.022727272727272728,
      "2": 0.026988636363636364,
      "3": 0.06889204545454546,
      "4": 0.022017045454545456,
      "5": 0.020596590909090908,
      "6": 0.037642045454545456,
      "7": 0.0390625,
      "8": 0.028409090909090908,
      "9": 0.011363636363636364,
      "10": 0.026278409090909092,
      "11": 0.009943181818181818,
      "12": 0.012073863636363636,
      "13": 0.01065340909090909,
      "14": 0.022727272727272728,
      "15": 0.011363636363636364,
      "16": 0.01065340909090909,
      "17": 0.019886363636363636,
      "18": 0.011363636363636364,
      "19": 0.004971590909090909,
      "20": 0.012073863636363636,
      "21": 0.012073863636363636,
      "22": 0.006392045454545455,
      "23": 0.007102272727272727,
      "24": 0.01278409090909091,
      "25": 0.0078125,
      "26": 0.01065340909090909,
      "27": 0.002840909090909091,
      "28": 0.007102272727272727,
      "29": 0.002840909090909091,
      "30": 0.002840909090909091,
      "31": 0.007102272727272727,
      "32": 0.0035511363636363635,
      "33": 0.0007102272727272727,
      "34": 0.0035511363636363635,
      "35": 0.004261363636363636,
      "37": 0.004261363636363636,
      "38": 0.002840909090909091,
      "39": 0.0007102272727272727,
      "40": 0.002130681818181818,
      "41": 0.0007102272727272727,
      "42": 0.0014204545454545455,
      "46": 0.0007102272727272727,
      "50": 0.0007102272727272727
    },
    "mean": 1.8224431818181819,
    "std": 14.187084098596513,
    "min": -45,
    "max": 50,
    "n_games": 1408
  },
  "key_number_masses": {
    "3": 0.1455965909090909,
    "6": 0.07315340909090909,
    "7": 0.07457386363636363,
    "10": 0.05113636363636364
  },
  "total_distribution": {
    "pmf": {
      "3": 0.0007102272727272727,
      "6": 0.0007102272727272727,
      "9": 0.002130681818181818,
      "13": 0.0014204545454545455,
      "15": 0.0007102272727272727,
      "16": 0.0035511363636363635,
      "17": 0.0035511363636363635,
      "18": 0.0007102272727272727,
      "19": 0.004261363636363636,
      "20": 0.0035511363636363635,
      "21": 0.0035511363636363635,
      "22": 0.004971590909090909,
      "23": 0.009232954545454546,
      "24": 0.005681818181818182,
      "25": 0.0078125,
      "26": 0.014914772727272728,
      "27": 0.014914772727272728,
      "28": 0.009232954545454546,
      "29": 0.014914772727272728,
      "30": 0.026988636363636364,
      "31": 0.012073863636363636,
      "32": 0.018465909090909092,
      "33": 0.02556818181818182,
      "34": 0.02130681818181818,
      "35": 0.01775568181818182,
      "36": 0.026988636363636364,
      "37": 0.03835227272727273,
      "38": 0.017045454545454544,
      "39": 0.027698863636363636,
      "40": 0.03480113636363636,
      "41": 0.03196022727272727,
      "42": 0.018465909090909092,
      "43": 0.037642045454545456,
      "44": 0.0390625,
      "45": 0.024857954545454544,
      "46": 0.024147727272727272,
      "47": 0.030539772727272728,
      "48": 0.03125,
      "49": 0.024147727272727272,
      "50": 0.01775568181818182,
      "51": 0.0390625,
      "52": 0.020596590909090908,
      "53": 0.01278409090909091,
      "54": 0.024857954545454544,
      "55": 0.016335227272727272,
      "56": 0.01065340909090909,
      "57": 0.024147727272727272,
      "58": 0.026988636363636364,
      "59": 0.014204545454545454,
      "60": 0.013494318181818182,
      "61": 0.011363636363636364,
      "62": 0.01065340909090909,
      "63": 0.013494318181818182,
      "64": 0.01065340909090909,
      "65": 0.014914772727272728,
      "66": 0.0078125,
      "67": 0.0078125,
      "68": 0.006392045454545455,
      "69": 0.006392045454545455,
      "70": 0.002840909090909091,
      "71": 0.011363636363636364,
      "72": 0.0035511363636363635,
      "73": 0.004261363636363636,
      "74": 0.004971590909090909,
      "75": 0.002840909090909091,
      "76": 0.002840909090909091,
      "77": 0.002840909090909091,
      "78": 0.004261363636363636,
      "79": 0.002840909090909091,
      "80": 0.002130681818181818,
      "81": 0.0007102272727272727,
      "82": 0.002130681818181818,
      "84": 0.0007102272727272727,
      "85": 0.0007102272727272727,
      "86": 0.0007102272727272727,
      "87": 0.0007102272727272727,
      "89": 0.0014204545454545455,
      "90": 0.0014204545454545455,
      "93": 0.0007102272727272727
    },
    "mean": 45.72869318181818,
    "std": 13.757684698730761,
    "min": 3,
    "max": 93,
    "n_games": 1408
  },
  "score_dependence": {
    "kendall_tau": -0.00887671578257726,
    "kendall_p_value": 0.6299165994687047,
    "pearson": -0.030735626410147925,
    "spearman": -0.015807367504880987,
    "n_games": 1408
  },
  "home_win_rate": 0.5348011363636364
}