{
  "dqn": {
    "initial_q": 0.08921329740604217,
    "final_q": 0.1539108848029917,
    "peak_q": 0.2323262244462967,
    "peak_epoch": 149,
    "variance": 0.00031520178343824557,
    "final_50_std": 0.015749812588246655
  },
  "ppo": {
    "initial_reward": 0.08531732786766953,
    "final_reward": 0.1324251453828575,
    "peak_reward": 0.14508002877769866,
    "peak_epoch": 314,
    "variance": 0.0001490704436735808,
    "final_50_std": 0.004130880956707392
  }
}