{
  "metadata": {
    "n_games": 10000,
    "simulation_seed": 42,
    "description": "Simulated NFL games using Gaussian copula + Poisson marginals"
  },
  "parameters": {
    "attack": {
      "ARI": 1.4285841724425696,
      "ATL": 1.424231977749915,
      "BAL": 1.6199854557620477,
      "BUF": 1.7579165982540395,
      "CAR": 1.266580507132513,
      "CHI": 1.418026390031341,
      "CIN": 1.6524526757086728,
      "CLE": 1.5592942964266536,
      "DAL": 1.7615281279376704,
      "DEN": 1.375645049538091,
      "DET": 1.7280913626418584,
      "GB": 1.5564431219846686,
      "HOU": 1.4127180596835631,
      "IND": 1.4436137070799773,
      "JAX": 1.5766452703231228,
      "KC": 1.6762399650521576,
      "LA": 1.473232600331579,
      "LAC": 1.5263115052736815,
      "LV": 1.4986508227061854,
      "MIA": 1.7428811274695992,
      "MIN": 1.5320233618083388,
      "NE": 1.3157419419073892,
      "NO": 1.4861573419426957,
      "NYG": 1.3440682296680717,
      "NYJ": 1.248304580242416,
      "PHI": 1.7271035197101847,
      "PIT": 1.3442777853918983,
      "SEA": 1.565042719176111,
      "SF": 1.708122690146116,
      "TB": 1.408875719360816,
      "TEN": 1.2839026029187453,
      "WAS": 1.3760990563375735
    },
    "defense": {
      "ARI": -1.692413752625588,
      "ATL": -1.5914181119675743,
      "BAL": -1.2884102079380448,
      "BUF": -1.3671058712776303,
      "CAR": -1.579403684087168,
      "CHI": -1.6111886262924133,
      "CIN": -1.458303518979865,
      "CLE": -1.566343066170935,
      "DAL": -1.4165664803950313,
      "DEN": -1.5417565633862578,
      "DET": -1.6191093353444184,
      "GB": -1.4867111893518805,
      "HOU": -1.5832087822375724,
      "IND": -1.685788187060411,
      "JAX": -1.5181764640035529,
      "KC": -1.3654165050854423,
      "LA": -1.4961158566949326,
      "LAC": -1.5553384687542346,
      "LV": -1.5308588616919456,
      "MIA": -1.5763124444436678,
      "MIN": -1.5566330006391187,
      "NE": -1.4343529029334934,
      "NO": -1.461395219116306,
      "NYG": -1.5237905054941578,
      "NYJ": -1.3597576431350207,
      "PHI": -1.5466383974856528,
      "PIT": -1.396024278274943,
      "SEA": -1.601963374766547,
      "SF": -1.3029474654651247,
      "TB": -1.4245229522607805,
      "TEN": -1.4800262377149354,
      "WAS": -1.6207851494958077
    },
    "home_advantage": 0.10783509679323072,
    "rho": -0.1,
    "converged": true,
    "iterations": 11,
    "log_likelihood": -4904.52851343207
  },
  "margin_distribution": {
    "pmf": {
      "-33": 0.0001,
      "-30": 0.0002,
      "-28": 0.0002,
      "-26": 0.0003,
      "-25": 0.0005,
      "-24": 0.0008,
      "-23": 0.0014,
      "-22": 0.0011,
      "-21": 0.0022,
      "-20": 0.0029,
      "-19": 0.0023,
      "-18": 0.0038,
      "-17": 0.0046,
      "-16": 0.0052,
      "-15": 0.0094,
      "-14": 0.0102,
      "-13": 0.0113,
      "-12": 0.0126,
      "-11": 0.0173,
      "-10": 0.0172,
      "-9": 0.0213,
      "-8": 0.0199,
      "-7": 0.0246,
      "-6": 0.0298,
      "-5": 0.0333,
      "-4": 0.0359,
      "-3": 0.0367,
      "-2": 0.0418,
      "-1": 0.0392,
      "0": 0.0378,
      "1": 0.0392,
      "2": 0.0424,
      "3": 0.0409,
      "4": 0.0438,
      "5": 0.0433,
      "6": 0.0428,
      "7": 0.0386,
      "8": 0.0357,
      "9": 0.0312,
      "10": 0.0289,
      "11": 0.0287,
      "12": 0.0255,
      "13": 0.021,
      "14": 0.0184,
      "15": 0.0158,
      "16": 0.0137,
      "17": 0.0134,
      "18": 0.0097,
      "19": 0.0083,
      "20": 0.0062,
      "21": 0.0067,
      "22": 0.0047,
      "23": 0.0037,
      "24": 0.0028,
      "25": 0.003,
      "26": 0.002,
      "27": 0.0021,
      "28": 0.001,
      "29": 0.0007,
      "30": 0.0007,
      "31": 0.0004,
      "32": 0.0001,
      "33": 0.0003,
      "36": 0.0002,
      "38": 0.0001,
      "40": 0.0001
    },
    "mean": 2.3257,
    "std": 9.343711789487115,
    "min": -33,
    "max": 40,
    "n_games": 10000
  },
  "key_number_masses": {
    "3": 0.0776,
    "6": 0.0726,
    "7": 0.0632,
    "10": 0.0461
  },
  "total_distribution": {
    "pmf": {
      "20": 0.0001,
      "21": 0.0009,
      "22": 0.0005,
      "23": 0.0007,
      "24": 0.0018,
      "25": 0.0027,
      "26": 0.0032,
      "27": 0.0043,
      "28": 0.0078,
      "29": 0.0098,
      "30": 0.0126,
      "31": 0.0144,
      "32": 0.0185,
      "33": 0.0205,
      "34": 0.0248,
      "35": 0.0313,
      "36": 0.0342,
      "37": 0.0374,
      "38": 0.0378,
      "39": 0.0432,
      "40": 0.0477,
      "41": 0.0466,
      "42": 0.053,
      "43": 0.0506,
      "44": 0.0487,
      "45": 0.0488,
      "46": 0.0476,
      "47": 0.0441,
      "48": 0.0423,
      "49": 0.037,
      "50": 0.0322,
      "51": 0.0321,
      "52": 0.0255,
      "53": 0.0253,
      "54": 0.0194,
      "55": 0.0166,
      "56": 0.0152,
      "57": 0.014,
      "58": 0.0096,
      "59": 0.0086,
      "60": 0.006,
      "61": 0.0061,
      "62": 0.0043,
      "63": 0.0032,
      "64": 0.0022,
      "65": 0.0012,
      "66": 0.0014,
      "67": 0.0012,
      "68": 0.0014,
      "69": 0.0004,
      "70": 0.0004,
      "71": 0.0004,
      "73": 0.0001,
      "74": 0.0003
    },
    "mean": 43.6819,
    "std": 7.978012111906435,
    "min": 20,
    "max": 74,
    "n_games": 10000
  },
  "score_dependence": {
    "kendall_tau": -0.10668985780612793,
    "kendall_p_value": 8.502571874820594e-53,
    "pearson": -0.15733946512586594,
    "spearman": -0.1524909457833661,
    "n_games": 10000
  },
  "home_win_rate": 0.5761
}