{
  "total_games": 65,
  "win_rate": 0.6461538461538462,
  "mae": 9.581316767117151,
  "ats_accuracy": 0.7647058823529411
}