{
  "yards_mae": 18.519181969550978,
  "yards_rmse": 24.851967777956943,
  "yards_coverage_90": 91.97860962566845,
  "td_brier": 0.2393457164841511,
  "td_accuracy": 0.5802139037433155,
  "td_mean_prob": 0.44213978758791794,
  "corr_actual": 0.27799682586969604,
  "corr_predicted": 0.9572470323636209,
  "corr_error": 0.6792502064939248
}