{
  "top_model": "glm",
  "top_sharpe": -1.2228513903756368,
  "top_win_rate": 0.5101934134866701,
  "top_roi": -7.451123889179298,
  "top_clv_bps": 14.930163080815847,
  "n_bets": 3826
}