{
  "accept": true,
  "median_dr": 0.23007178958915192,
  "stable": true,
  "grid": {
    "c5_s05": {
      "snis": 0.28679535670200507,
      "dr": 0.23001450045408892,
      "ess": 1674.3693337888653
    },
    "c5_s08": {
      "snis": 0.2862398020279824,
      "dr": 0.23007178958915192,
      "ess": 1674.5651441734863
    },
    "c5_s10": {
      "snis": 0.2859635817769302,
      "dr": 0.23009618417002461,
      "ess": 1674.6490099720904
    },
    "c10_s05": {
      "snis": 0.28679535670200507,
      "dr": 0.23001450045408892,
      "ess": 1674.3693337888653
    },
    "c10_s08": {
      "snis": 0.2862398020279824,
      "dr": 0.23007178958915192,
      "ess": 1674.5651441734863
    },
    "c10_s10": {
      "snis": 0.2859635817769302,
      "dr": 0.23009618417002461,
      "ess": 1674.6490099720904
    },
    "c20_s05": {
      "snis": 0.28679535670200507,
      "dr": 0.23001450045408892,
      "ess": 1674.3693337888653
    },
    "c20_s08": {
      "snis": 0.2862398020279824,
      "dr": 0.23007178958915192,
      "ess": 1674.5651441734863
    },
    "c20_s10": {
      "snis": 0.2859635817769302,
      "dr": 0.23009618417002461,
      "ess": 1674.6490099720904
    }
  },
  "note": "OPE gate with bootstrap CI (alpha=0.05), ESS threshold=30.0. Accept requires: stable grid, ESS >= threshold, LCB > 0, median > 0.",
  "dr_lower_ci": 0.19912400598180413,
  "dr_upper_ci": 0.26089136811110164,
  "min_ess": 1674.3693337888653,
  "reason_codes": []
}