{
  "baseline": {
    "strategy_name": "baseline",
    "n_trials": 1000,
    "mean_return": 0.01427155811999544,
    "median_return": 0.014326979999995472,
    "std_return": 0.0051988420082753305,
    "sharpe_ratio": 2.745141725268528,
    "sortino_ratio": 153.75520491329183,
    "win_rate": 0.5956129032258065,
    "mean_drawdown": 0.0027703837405679025,
    "max_drawdown": 0.007799600000001874,
    "var_95": 0.0058371299999965,
    "cvar_95": 0.0035366679999962597,
    "var_99": 0.0020859711999961904,
    "cvar_99": 0.0009220639999964817,
    "calmar_ratio": 5.151473390133998
  },
  "model_degradation_5pct": {
    "strategy_name": "model_degradation_5pct",
    "n_trials": 1000,
    "mean_return": 0.0073059554799958055,
    "median_return": 0.007262639999996026,
    "std_return": 0.0026803124500971065,
    "sharpe_ratio": 2.725785003062279,
    "sortino_ratio": 32.64210293983278,
    "win_rate": 0.5437788018433178,
    "mean_drawdown": 0.0036695494995823887,
    "max_drawdown": 0.009101779249574865,
    "var_95": 0.0027839799999962197,
    "cvar_95": 0.0018589415999965126,
    "var_99": 0.0013575143999965604,
    "cvar_99": 0.0005801599999967664,
    "calmar_ratio": 1.9909679596438898
  },
  "model_degradation_10pct": {
    "strategy_name": "model_degradation_10pct",
    "n_trials": 1000,
    "mean_return": 0.0004354139999961907,
    "median_return": 0.0004768399999960593,
    "std_return": 0.002711384307508826,
    "sharpe_ratio": 0.16058734233666852,
    "sortino_ratio": 0.2749681257737213,
    "win_rate": 0.4930875576036868,
    "mean_drawdown": 0.005469268801946523,
    "max_drawdown": 0.013686847941347318,
    "var_95": -0.003880836000003413,
    "cvar_95": -0.005199973600003028,
    "var_99": -0.0057426312000026115,
    "cvar_99": -0.007208472000002559,
    "calmar_ratio": 0.07961100757037687
  },
  "variance_shock": {
    "strategy_name": "variance_shock",
    "n_trials": 1000,
    "mean_return": 0.014046370039995437,
    "median_return": 0.01396981999999582,
    "std_return": 0.00514604112706545,
    "sharpe_ratio": 2.729548733320255,
    "sortino_ratio": 30.819027950219414,
    "win_rate": 0.5943041474654378,
    "mean_drawdown": 0.0028288476200983236,
    "max_drawdown": 0.00864210580160686,
    "var_95": 0.005828527999995813,
    "cvar_95": 0.0033618103999962213,
    "var_99": 0.0017585043999971378,
    "cvar_99": -3.413200000342442e-05,
    "calmar_ratio": 4.965403558749205
  },
  "correlated_losses": {
    "strategy_name": "correlated_losses",
    "n_trials": 1000,
    "mean_return": 0.010593012399995915,
    "median_return": 0.010617399999996096,
    "std_return": 0.005084506429831785,
    "sharpe_ratio": 2.083390501356171,
    "sortino_ratio": 6.622707874924887,
    "win_rate": 0.5945437788018434,
    "mean_drawdown": 0.003219619529926814,
    "max_drawdown": 0.010042560000000976,
    "var_95": 0.002413017999995695,
    "cvar_95": -0.00015135920000328444,
    "var_99": -0.0015333392000031396,
    "cvar_99": -0.00305748800000309,
    "calmar_ratio": 3.290144161921116
  },
  "worst_case": {
    "strategy_name": "worst_case",
    "n_trials": 1000,
    "mean_return": -0.002179388320003417,
    "median_return": -0.0020993800000035636,
    "std_return": 0.005223739595058868,
    "sharpe_ratio": -0.4172084538947728,
    "sortino_ratio": -0.6074782856398175,
    "win_rate": 0.49543778801843313,
    "mean_drawdown": 0.0070818498239591885,
    "max_drawdown": 0.01896822361345799,
    "var_95": -0.010779690000002532,
    "cvar_95": -0.012913479200002647,
    "var_99": -0.014158457200002299,
    "cvar_99": -0.015708076000002475,
    "calmar_ratio": -0.3077428036711749
  }
}