{
  "baseline": {
    "strategy_name": "baseline",
    "n_trials": 1000,
    "mean_return": 0.0028765603599989788,
    "median_return": 0.0028548799999989424,
    "std_return": 0.001574148830185875,
    "sharpe_ratio": 1.827375089850504,
    "sortino_ratio": 8.46534902778088,
    "win_rate": 0.6261041666666667,
    "mean_drawdown": 0.0009276602207903924,
    "max_drawdown": 0.003335105490155923,
    "var_95": 0.0003034119999987511,
    "cvar_95": -0.0002595368000008335,
    "var_99": -0.0005669808000009269,
    "cvar_99": -0.0008637280000007052,
    "calmar_ratio": 3.1008771267006243
  },
  "model_degradation_5pct": {
    "strategy_name": "model_degradation_5pct",
    "n_trials": 1000,
    "mean_return": 0.0016273385199989771,
    "median_return": 0.0016334399999989558,
    "std_return": 0.0009743369156528641,
    "sharpe_ratio": 1.6702010299061314,
    "sortino_ratio": 4.743881347178454,
    "win_rate": 0.5625,
    "mean_drawdown": 0.0011280703737312134,
    "max_drawdown": 0.0028724665607096442,
    "var_95": -1.580000009084735e-07,
    "cvar_95": -0.00040991600000073734,
    "var_99": -0.0006478536000006955,
    "cvar_99": -0.0009532520000006741,
    "calmar_ratio": 1.4425859927660194
  },
  "model_degradation_10pct": {
    "strategy_name": "model_degradation_10pct",
    "n_trials": 1000,
    "mean_return": 0.000891788719998982,
    "median_return": 0.0008619999999989147,
    "std_return": 0.0010267224646240286,
    "sharpe_ratio": 0.8685781705629112,
    "sortino_ratio": 1.9563233526723103,
    "win_rate": 0.5208333333333333,
    "mean_drawdown": 0.0013500664216355264,
    "max_drawdown": 0.003963620038620472,
    "var_95": -0.0007953980000010858,
    "cvar_95": -0.0011645880000006798,
    "var_99": -0.00145760360000084,
    "cvar_99": -0.0017684960000005673,
    "calmar_ratio": 0.660551737090559
  },
  "variance_shock": {
    "strategy_name": "variance_shock",
    "n_trials": 1000,
    "mean_return": 0.0028965513999989674,
    "median_return": 0.0028905999999989263,
    "std_return": 0.0015359828736131761,
    "sharpe_ratio": 1.8857966776577735,
    "sortino_ratio": 4.686499571631077,
    "win_rate": 0.6253333333333333,
    "mean_drawdown": 0.0009153799424462026,
    "max_drawdown": 0.0037960012262418016,
    "var_95": 0.00030007999999909175,
    "cvar_95": -0.0003127744000008477,
    "var_99": -0.0005763104000007702,
    "cvar_99": -0.0012961160000007795,
    "calmar_ratio": 3.164316002225709
  },
  "correlated_losses": {
    "strategy_name": "correlated_losses",
    "n_trials": 1000,
    "mean_return": 0.0019713612399990393,
    "median_return": 0.001992959999998902,
    "std_return": 0.0016393548297604593,
    "sharpe_ratio": 1.2025226047536592,
    "sortino_ratio": 2.943220783684498,
    "win_rate": 0.6255625,
    "mean_drawdown": 0.001159792211566021,
    "max_drawdown": 0.0037894114021690705,
    "var_95": -0.0006094400000007809,
    "cvar_95": -0.0013792536000007203,
    "var_99": -0.0017966364000007772,
    "cvar_99": -0.0024075520000006773,
    "calmar_ratio": 1.6997538182612808
  },
  "worst_case": {
    "strategy_name": "worst_case",
    "n_trials": 1000,
    "mean_return": 0.0003043977599990193,
    "median_return": 0.0002619999999992473,
    "std_return": 0.001724073040895724,
    "sharpe_ratio": 0.1765573457612171,
    "sortino_ratio": 0.29799233069199405,
    "win_rate": 0.5278541666666667,
    "mean_drawdown": 0.001683302080833525,
    "max_drawdown": 0.006443978999321179,
    "var_95": -0.0024715980000007036,
    "cvar_95": -0.003393369600000739,
    "var_99": -0.004053986800000551,
    "cvar_99": -0.0047656680000006295,
    "calmar_ratio": 0.18083370980465366
  }
}