{
  "baseline": {
    "strategy_name": "baseline",
    "n_trials": 1000,
    "mean_return": 0.0014237575599992422,
    "median_return": 0.0013809999999992329,
    "std_return": 0.0005096863135024869,
    "sharpe_ratio": 2.7933996308737363,
    "sortino_ratio": 0.0,
    "win_rate": 0.7205428571428572,
    "mean_drawdown": 0.0002741214184311721,
    "max_drawdown": 0.0009284759914931185,
    "var_95": 0.0006000399999990691,
    "cvar_95": 0.000394101917807245,
    "var_99": 0.0002095599999989872,
    "cvar_99": 8.869714285610473e-05,
    "calmar_ratio": 5.193893888874382
  },
  "model_degradation_5pct": {
    "strategy_name": "model_degradation_5pct",
    "n_trials": 1000,
    "mean_return": 0.0009905199999991512,
    "median_return": 0.000990519999999151,
    "std_return": 2.168404344971009e-19,
    "sharpe_ratio": 4567967234968782.0,
    "sortino_ratio": 4567967234968782.0,
    "win_rate": 0.6571428571428573,
    "mean_drawdown": 0.000327372141890827,
    "max_drawdown": 0.0007093848763692301,
    "var_95": 0.000990519999999151,
    "cvar_95": 0.0009905199999991512,
    "var_99": 0.000990519999999151,
    "cvar_99": 0.0009905199999991512,
    "calmar_ratio": 3.0256697905879624
  },
  "model_degradation_10pct": {
    "strategy_name": "model_degradation_10pct",
    "n_trials": 1000,
    "mean_return": 0.0006000399999990691,
    "median_return": 0.0006000399999990691,
    "std_return": 0.0,
    "sharpe_ratio": 0.0,
    "sortino_ratio": 0.0,
    "win_rate": 0.5999999999999998,
    "mean_drawdown": 0.0004050821645986605,
    "max_drawdown": 0.0008995759039363088,
    "var_95": 0.0006000399999990691,
    "cvar_95": 0.0006000399999990691,
    "var_99": 0.0006000399999990691,
    "cvar_99": 0.0006000399999990691,
    "calmar_ratio": 1.4812797314677262
  },
  "variance_shock": {
    "strategy_name": "variance_shock",
    "n_trials": 1000,
    "mean_return": 0.0014016954399992377,
    "median_return": 0.0013809999999992329,
    "std_return": 0.0005227462676397804,
    "sharpe_ratio": 2.6814068827845423,
    "sortino_ratio": 7.327388946047956,
    "win_rate": 0.7173142857142857,
    "mean_drawdown": 0.0002815050094835548,
    "max_drawdown": 0.0011330070634500678,
    "var_95": 0.0006000399999990691,
    "cvar_95": 0.00041981846153749266,
    "var_99": 0.00020760759999898683,
    "cvar_99": -0.00016139600000109053,
    "calmar_ratio": 4.979291283557506
  },
  "correlated_losses": {
    "strategy_name": "correlated_losses",
    "n_trials": 1000,
    "mean_return": 0.0013759237599992322,
    "median_return": 0.0013809999999992329,
    "std_return": 0.0005446924476674766,
    "sharpe_ratio": 2.526056246770664,
    "sortino_ratio": 7.192667010194881,
    "win_rate": 0.7135428571428573,
    "mean_drawdown": 0.00028177430976019963,
    "max_drawdown": 0.0008568751736265373,
    "var_95": 0.00040479999999902815,
    "cvar_95": 0.00026250644067696445,
    "var_99": 0.00020760759999898683,
    "cvar_99": -0.00016139600000109056,
    "calmar_ratio": 4.883070288310507
  },
  "worst_case": {
    "strategy_name": "worst_case",
    "n_trials": 1000,
    "mean_return": 0.0006982457199990898,
    "median_return": 0.0007952799999991101,
    "std_return": 0.00058121183795878,
    "sharpe_ratio": 1.2013618346992614,
    "sortino_ratio": 3.214463339823565,
    "win_rate": 0.6143714285714285,
    "mean_drawdown": 0.0004107731152151335,
    "max_drawdown": 0.0013092768411058578,
    "var_95": -0.00019068200000109614,
    "cvar_95": -0.0005206376000011658,
    "var_99": -0.0005714000000011765,
    "cvar_99": -0.000690241739131636,
    "calmar_ratio": 1.699833056585017
  }
}