{
  "total_configs": 75,
  "successful_configs": 75,
  "best_config_by_reward": {
    "config_id": 4,
    "alpha": 0.1,
    "lr": 3e-05,
    "hidden_dims": [
      128,
      64
    ],
    "match_rate": 0.6770307034589973,
    "avg_q_value": -3.2585458755493164,
    "q_value_stats": {
      "mean": -3.2585458755493164,
      "std": 3.9322426319122314,
      "min": -11.443731307983398,
      "max": 1.131738543510437,
      "q25": -7.048307418823242,
      "q50": -1.1266529560089111,
      "q75": 0.020351894199848175
    },
    "action_distribution": {
      "0": 0.5934706568208317,
      "1": 0.4065293431791683
    },
    "estimated_policy_reward": 0.03812087306103445,
    "logged_avg_reward": 0.014117764309048653,
    "final_loss": 0.14169045742601155,
    "final_td_loss": 0.08066616323776543,
    "final_cql_loss": 0.6102429375052452
  },
  "best_config_by_match": {
    "config_id": 43,
    "alpha": 1.0,
    "lr": 0.001,
    "hidden_dims": [
      128,
      64
    ],
    "match_rate": 0.9914496696463272,
    "avg_q_value": -16.29535675048828,
    "q_value_stats": {
      "mean": -16.29535675048828,
      "std": 12.014427185058594,
      "min": -38.02727508544922,
      "max": 0.9727224111557007,
      "q25": -24.03762435913086,
      "q50": -19.012271881103516,
      "q75": -0.8160885572433472
    },
    "action_distribution": {
      "0": 0.7821609016712009,
      "1": 0.2077341624562767,
      "2": 0.010104935872522347
    },
    "estimated_policy_reward": 0.01485814533481976,
    "logged_avg_reward": 0.014117764309048653,
    "final_loss": 0.12243956215679645,
    "final_td_loss": 0.08528036922216416,
    "final_cql_loss": 0.03715919341193512
  }
}