{
  "attack": {
    "ARI": 1.4285841724425696,
    "ATL": 1.424231977749915,
    "BAL": 1.6199854557620477,
    "BUF": 1.7579165982540395,
    "CAR": 1.266580507132513,
    "CHI": 1.418026390031341,
    "CIN": 1.6524526757086728,
    "CLE": 1.5592942964266536,
    "DAL": 1.7615281279376704,
    "DEN": 1.375645049538091,
    "DET": 1.7280913626418584,
    "GB": 1.5564431219846686,
    "HOU": 1.4127180596835631,
    "IND": 1.4436137070799773,
    "JAX": 1.5766452703231228,
    "KC": 1.6762399650521576,
    "LA": 1.473232600331579,
    "LAC": 1.5263115052736815,
    "LV": 1.4986508227061854,
    "MIA": 1.7428811274695992,
    "MIN": 1.5320233618083388,
    "NE": 1.3157419419073892,
    "NO": 1.4861573419426957,
    "NYG": 1.3440682296680717,
    "NYJ": 1.248304580242416,
    "PHI": 1.7271035197101847,
    "PIT": 1.3442777853918983,
    "SEA": 1.565042719176111,
    "SF": 1.708122690146116,
    "TB": 1.408875719360816,
    "TEN": 1.2839026029187453,
    "WAS": 1.3760990563375735
  },
  "defense": {
    "ARI": -1.692413752625588,
    "ATL": -1.5914181119675743,
    "BAL": -1.2884102079380448,
    "BUF": -1.3671058712776303,
    "CAR": -1.579403684087168,
    "CHI": -1.6111886262924133,
    "CIN": -1.458303518979865,
    "CLE": -1.566343066170935,
    "DAL": -1.4165664803950313,
    "DEN": -1.5417565633862578,
    "DET": -1.6191093353444184,
    "GB": -1.4867111893518805,
    "HOU": -1.5832087822375724,
    "IND": -1.685788187060411,
    "JAX": -1.5181764640035529,
    "KC": -1.3654165050854423,
    "LA": -1.4961158566949326,
    "LAC": -1.5553384687542346,
    "LV": -1.5308588616919456,
    "MIA": -1.5763124444436678,
    "MIN": -1.5566330006391187,
    "NE": -1.4343529029334934,
    "NO": -1.461395219116306,
    "NYG": -1.5237905054941578,
    "NYJ": -1.3597576431350207,
    "PHI": -1.5466383974856528,
    "PIT": -1.396024278274943,
    "SEA": -1.601963374766547,
    "SF": -1.3029474654651247,
    "TB": -1.4245229522607805,
    "TEN": -1.4800262377149354,
    "WAS": -1.6207851494958077
  },
  "home_advantage": 0.10783509679323072,
  "rho": -0.1,
  "converged": true,
  "iterations": 11,
  "log_likelihood": -4904.52851343207
}