{
  "n_games": 285,
  "mae_margin": 12.001654966125546,
  "brier_win": 0.25395303583214934,
  "logloss_win": 0.7093462071883255,
  "accuracy_win": 0.5824561403508772,
  "brier_ats": 0.1913494535982953,
  "logloss_ats": 0.5673272016749576,
  "accuracy_ats": 0.7017543859649122
}